{
  "name": "connect_list",
  "version": "1.0.0",
  "description": "",
  "main": "server.js",
  "dependencies": {
    "body-parser": "^1.10.2",
    "express": "^4.14.0",
    "mongodb": "^2.2.10",
    "mongojs": "^0.18.2"
  },
  "devDependencies": {},
  "scripts": {
    "test": "echo \"Error: no test specified\" && exit 1",
    "start": "node server.js"
  },
  "repository": {
    "type": "git",
    "url": "https://github.com/michaelcheng429/meanstacktutorial.git"
  },
  "author": "",
  "license": "ISC",
  "bugs": {
    "url": "https://github.com/michaelcheng429/meanstacktutorial/issues"
  },
  "homepage": "https://github.com/michaelcheng429/meanstacktutorial"
}
